,Username,Age,Date
0,gbolio4,36,2019-10-02
1,safer23,30,2019-10-02
2,jazzy,34,2019-10-02
3,tksina,41,2019-10-02
4,storm0210,38,2019-10-02
5,jossymaro,35,2019-10-02
6,tomi01,39,2019-10-02
7,noblefuwad,32,2019-10-02
8,youngalex,37,2019-10-02
9,remmydada,47,2019-10-02
10,otaghogho,30,2019-10-02
11,xcalebx,32,2019-10-02
12,Vessel4christ,30,2019-10-02
13,Ralphjoe,29,2019-10-02
14,Duke007,49,2019-10-02
15,Reski,25,2019-10-02
16,Agbasco,28,2019-10-02
17,Sirniyeh,47,2019-10-02
18,spafu,35,2019-10-02
19,pappysk,39,2019-10-02
20,Dave50,28,2019-10-02
21,katordidi,28,2019-10-02
22,somrecords,32,2019-10-02
23,temilene,29,2019-10-02
24,rudeboidex,29,2019-10-02
25,Madu2013,29,2019-10-02
26,kstyle2,28,2019-10-02
27,adepeter26,24,2019-10-02
28,lokomania1111,30,2019-10-02
29,Rochero,29,2019-10-02
30,jameslojohn,27,2019-10-02
31,mikegeo,28,2019-10-02
32,kosablaze,23,2019-10-02
33,teesmarth,32,2019-10-02
34,BayLord01,34,2019-10-02
35,hopara1,31,2019-10-02
36,Episteme2,30,2019-10-02
37,tbarrister,23,2019-10-02
38,frontliner065,29,2019-10-02
39,iambibi,26,2019-10-02
40,ladipeacemaker,32,2019-10-02
41,Samore1,27,2019-10-02
42,ogunsphd,26,2019-10-02
43,kristizo,31,2019-10-02
44,hemucology,37,2019-10-02
45,tunex22,30,2019-10-02
46,chineduh,27,2019-10-02
47,Hottestdaniel,25,2019-10-02
48,ahmad60,29,2019-10-02
49,OlaSpeaker,28,2019-10-02
50,purplelips,25,2019-10-02
51,Engrdonfranki,33,2019-10-02
52,mzhazel,24,2019-10-02
53,Petdagr8t,28,2019-10-02
54,ibroadept,37,2019-10-02
55,nnol,24,2019-10-02
56,loverence,25,2019-10-02
57,Jayboltz,23,2019-10-02
58,dondavinchi,59,2019-10-02
59,blessedkidd,21,2019-10-02
60,FixNigeria,22,2019-10-02
61,dicksonotieno,25,2019-10-02
62,Softwhales,28,2019-10-02
63,Obianujuokoye,29,2019-10-02
64,theoneJabulani,24,2019-10-02
65,habibaty,24,2019-10-02
66,Lordsview,41,2019-10-02
67,Obito555,33,2019-10-02
68,homie1,33,2019-10-02
69,Olawolesteven,23,2019-10-02
70,Telemon,28,2019-10-02
71,Omolope4real,36,2019-10-02
72,chuxyfranklin,24,2019-10-02
73,tumbaboy,23,2019-10-02
74,davnery123,31,2019-10-02
75,iammrjaai,33,2019-10-02
76,Happiness6063,27,2019-10-02
77,freevami,40,2019-10-02
78,Kingoftrust,25,2019-10-02
79,yakub123,33,2019-10-02
80,Bamesto,28,2019-10-02
81,priestly1016,24,2019-10-02
82,federico109,25,2019-10-02
83,baylord101,34,2019-10-02
84,pyro10,25,2019-10-02
85,Maksol,33,2019-10-02
86,ccjob,32,2019-10-02
87,iceberg02,23,2019-10-02
88,Topweez,21,2019-10-02
89,Daniealah,26,2019-10-02
90,Jdreamz,19,2019-10-02
91,pleasant1215,27,2019-10-02
92,viceddy95,25,2019-10-02
93,Mastadestiny,33,2019-10-02
94,PrinceVM,30,2019-10-02
95,LEKZEE1010,22,2019-10-02
96,Brainiac101,20,2019-10-02
97,1stSonOfLucifer,24,2019-10-02
98,Linsigne,23,2019-10-02
99,Cindy95,26,2019-10-02
100,kingNanacoco,28,2019-10-02
101,Moyomi04,25,2019-10-02
102,Tobimillar1,33,2019-10-02
103,Alpha5603,24,2019-10-02
104,dado45,21,2019-10-02
105,Emmanuel226,16,2019-10-02
106,Doald7171,26,2019-10-02
107,bafem210,14,2019-10-02
108,PLATOCENTRIC,23,2019-10-02
109,englishgirl55,29,2019-10-02
110,Kelly20202,29,2019-10-02
111,Glowzaq,23,2019-10-02
112,deltonsadiq8314,19,2019-10-02
113,Senamie,25,2019-10-02
114,Obanyi30,34,2019-10-02
115,Uziii,20,2019-10-02
116,Dherealhub,25,2019-10-02
117,Juli38,24,2019-10-02
118,JerryJaga,23,2019-10-02
119,Sholek2000,32,2019-10-02
